{
    "DesktopAudioDevice1": {
        "prev_ver": 503316480,
        "name": "桌面音频",
        "uuid": "97651081-31e5-4ab1-93a5-e59610dab103",
        "id": "wasapi_output_capture",
        "versioned_id": "wasapi_output_capture",
        "settings": {
            "device_id": "default"
        },
        "mixers": 255,
        "sync": 0,
        "flags": 0,
        "volume": 1.0,
        "balance": 0.5,
        "enabled": true,
        "muted": false,
        "push-to-mute": false,
        "push-to-mute-delay": 0,
        "push-to-talk": false,
        "push-to-talk-delay": 0,
        "hotkeys": {
            "libobs.mute": [],
            "libobs.unmute": [],
            "libobs.push-to-mute": [],
            "libobs.push-to-talk": []
        },
        "deinterlace_mode": 0,
        "deinterlace_field_order": 0,
        "monitoring_type": 0,
        "private_settings": {}
    },
    "AuxAudioDevice1": {
        "prev_ver": 503316480,
        "name": "麦克风/Aux",
        "uuid": "ba8d6e5c-8064-493b-a68a-f9822e7234fc",
        "id": "wasapi_input_capture",
        "versioned_id": "wasapi_input_capture",
        "settings": {
            "device_id": "default"
        },
        "mixers": 255,
        "sync": 0,
        "flags": 0,
        "volume": 1.0,
        "balance": 0.5,
        "enabled": true,
        "muted": false,
        "push-to-mute": false,
        "push-to-mute-delay": 0,
        "push-to-talk": false,
        "push-to-talk-delay": 0,
        "hotkeys": {
            "libobs.mute": [
                {
                    "shift": true,
                    "control": true,
                    "alt": true,
                    "key": "OBS_KEY_X"
                }
            ],
            "libobs.unmute": [
                {
                    "shift": true,
                    "control": true,
                    "alt": true,
                    "key": "OBS_KEY_X"
                }
            ],
            "libobs.push-to-mute": [],
            "libobs.push-to-talk": []
        },
        "deinterlace_mode": 0,
        "deinterlace_field_order": 0,
        "monitoring_type": 0,
        "private_settings": {},
        "filters": [
            {
                "prev_ver": 503316480,
                "name": "噪声抑制",
                "uuid": "7426ae68-63d0-4384-88ec-2c3f769c0b11",
                "id": "noise_suppress_filter",
                "versioned_id": "noise_suppress_filter_v2",
                "settings": {},
                "mixers": 255,
                "sync": 0,
                "flags": 0,
                "volume": 1.0,
                "balance": 0.5,
                "enabled": true,
                "muted": false,
                "push-to-mute": false,
                "push-to-mute-delay": 0,
                "push-to-talk": false,
                "push-to-talk-delay": 0,
                "hotkeys": {},
                "deinterlace_mode": 0,
                "deinterlace_field_order": 0,
                "monitoring_type": 0,
                "private_settings": {}
            }
        ]
    },
    "current_scene": "笔记本录屏",
    "current_program_scene": "笔记本录屏",
    "scene_order": [
        {
            "name": "2k外接录屏"
        },
        {
            "name": "1080p外接录屏"
        },
        {
            "name": "笔记本录屏"
        },
        {
            "name": "假摄像头"
        },
        {
            "name": "仅chrome"
        }
    ],
    "name": "16:9外接录屏",
    "groups": [],
    "quick_transitions": [],
    "transitions": [],
    "saved_projectors": [],
    "current_transition": "淡入淡出",
    "transition_duration": 300,
    "preview_locked": false,
    "scaling_enabled": false,
    "scaling_level": 0,
    "scaling_off_x": 0.0,
    "scaling_off_y": 0.0,
    "virtual-camera": {
        "type2": 3
    },
    "modules": {
        "scripts-tool": [],
        "output-timer": {
            "streamTimerHours": 0,
            "streamTimerMinutes": 0,
            "streamTimerSeconds": 30,
            "recordTimerHours": 0,
            "recordTimerMinutes": 0,
            "recordTimerSeconds": 30,
            "autoStartStreamTimer": false,
            "autoStartRecordTimer": false,
            "pauseRecordTimer": true
        },
        "auto-scene-switcher": {
            "interval": 300,
            "non_matching_scene": "",
            "switch_if_not_matching": false,
            "active": false,
            "switches": []
        },
        "captions": {
            "source": "桌面音频",
            "enabled": true,
            "lang_id": 1033,
            "provider": "mssapi"
        }
    },
    "sources": [
        {
            "prev_ver": 503316480,
            "name": "仅chrome",
            "uuid": "81273858-f404-4917-940d-3725599d3717",
            "id": "scene",
            "versioned_id": "scene",
            "settings": {
                "custom_size": false,
                "id_counter": 3,
                "items": [
                    {
                        "name": "chrome",
                        "source_uuid": "389e1b7e-9ba2-4e49-aed2-4d452a1bccaf",
                        "visible": true,
                        "locked": false,
                        "rot": 0.0,
                        "pos": {
                            "x": 0.0,
                            "y": 0.0
                        },
                        "scale": {
                            "x": 1.0,
                            "y": 1.0
                        },
                        "align": 5,
                        "bounds_type": 0,
                        "bounds_align": 0,
                        "bounds": {
                            "x": 0.0,
                            "y": 0.0
                        },
                        "crop_left": 0,
                        "crop_top": 0,
                        "crop_right": 0,
                        "crop_bottom": 0,
                        "id": 2,
                        "group_item_backup": false,
                        "scale_filter": "disable",
                        "blend_method": "default",
                        "blend_type": "normal",
                        "show_transition": {
                            "duration": 0
                        },
                        "hide_transition": {
                            "duration": 0
                        },
                        "private_settings": {}
                    },
                    {
                        "name": "窗口采集",
                        "source_uuid": "5163bcd6-b494-4a16-87f8-9d8cf341b9a3",
                        "visible": true,
                        "locked": false,
                        "rot": 0.0,
                        "pos": {
                            "x": 467.0,
                            "y": 1287.0
                        },
                        "scale": {
                            "x": 1.0,
                            "y": 1.0
                        },
                        "align": 5,
                        "bounds_type": 0,
                        "bounds_align": 0,
                        "bounds": {
                            "x": 0.0,
                            "y": 0.0
                        },
                        "crop_left": 0,
                        "crop_top": 0,
                        "crop_right": 0,
                        "crop_bottom": 0,
                        "id": 3,
                        "group_item_backup": false,
                        "scale_filter": "disable",
                        "blend_method": "default",
                        "blend_type": "normal",
                        "show_transition": {
                            "duration": 0
                        },
                        "hide_transition": {
                            "duration": 0
                        },
                        "private_settings": {}
                    }
                ]
            },
            "mixers": 0,
            "sync": 0,
            "flags": 0,
            "volume": 1.0,
            "balance": 0.5,
            "enabled": true,
            "muted": false,
            "push-to-mute": false,
            "push-to-mute-delay": 0,
            "push-to-talk": false,
            "push-to-talk-delay": 0,
            "hotkeys": {
                "OBSBasic.SelectScene": [],
                "libobs.show_scene_item.2": [],
                "libobs.hide_scene_item.2": [],
                "libobs.show_scene_item.3": [],
                "libobs.hide_scene_item.3": []
            },
            "deinterlace_mode": 0,
            "deinterlace_field_order": 0,
            "monitoring_type": 0,
            "private_settings": {}
        },
        {
            "prev_ver": 503316480,
            "name": "假摄像头",
            "uuid": "b9b7bad7-24a9-466d-bc5d-eafc75192798",
            "id": "scene",
            "versioned_id": "scene",
            "settings": {
                "custom_size": false,
                "id_counter": 2,
                "items": [
                    {
                        "name": "图像",
                        "source_uuid": "59316386-3406-4ba4-9895-74c0345c6593",
                        "visible": true,
                        "locked": false,
                        "rot": 0.0,
                        "pos": {
                            "x": 2023.0,
                            "y": 0.0
                        },
                        "scale": {
                            "x": -1.440000057220459,
                            "y": 1.440000057220459
                        },
                        "align": 5,
                        "bounds_type": 0,
                        "bounds_align": 0,
                        "bounds": {
                            "x": 0.0,
                            "y": 0.0
                        },
                        "crop_left": 0,
                        "crop_top": 0,
                        "crop_right": 0,
                        "crop_bottom": 0,
                        "id": 2,
                        "group_item_backup": false,
                        "scale_filter": "disable",
                        "blend_method": "default",
                        "blend_type": "normal",
                        "show_transition": {
                            "duration": 0
                        },
                        "hide_transition": {
                            "duration": 0
                        },
                        "private_settings": {}
                    }
                ]
            },
            "mixers": 0,
            "sync": 0,
            "flags": 0,
            "volume": 1.0,
            "balance": 0.5,
            "enabled": true,
            "muted": false,
            "push-to-mute": false,
            "push-to-mute-delay": 0,
            "push-to-talk": false,
            "push-to-talk-delay": 0,
            "hotkeys": {
                "OBSBasic.SelectScene": [],
                "libobs.show_scene_item.2": [],
                "libobs.hide_scene_item.2": []
            },
            "deinterlace_mode": 0,
            "deinterlace_field_order": 0,
            "monitoring_type": 0,
            "private_settings": {}
        },
        {
            "prev_ver": 503316480,
            "name": "图像",
            "uuid": "59316386-3406-4ba4-9895-74c0345c6593",
            "id": "image_source",
            "versioned_id": "image_source",
            "settings": {
                "file": "C:/Users/FS/Pictures/lmao.png"
            },
            "mixers": 0,
            "sync": 0,
            "flags": 0,
            "volume": 1.0,
            "balance": 0.5,
            "enabled": true,
            "muted": false,
            "push-to-mute": false,
            "push-to-mute-delay": 0,
            "push-to-talk": false,
            "push-to-talk-delay": 0,
            "hotkeys": {},
            "deinterlace_mode": 0,
            "deinterlace_field_order": 0,
            "monitoring_type": 0,
            "private_settings": {}
        },
        {
            "prev_ver": 503316480,
            "name": "显示器",
            "uuid": "e990fd2b-6c54-46d4-8b71-ff16e4d813d9",
            "id": "monitor_capture",
            "versioned_id": "monitor_capture",
            "settings": {
                "method": 1,
                "monitor_id": "\\\\?\\DISPLAY#PHLC20B#5&700e96d&0&UID4352#{e6f07b5f-ee97-4a90-b076-33f57bf4eaa7}"
            },
            "mixers": 0,
            "sync": 0,
            "flags": 0,
            "volume": 1.0,
            "balance": 0.5,
            "enabled": true,
            "muted": false,
            "push-to-mute": false,
            "push-to-mute-delay": 0,
            "push-to-talk": false,
            "push-to-talk-delay": 0,
            "hotkeys": {},
            "deinterlace_mode": 0,
            "deinterlace_field_order": 0,
            "monitoring_type": 0,
            "private_settings": {}
        },
        {
            "prev_ver": 503316480,
            "name": "歌名滚动",
            "uuid": "95760343-d54c-4f29-841e-625258468962",
            "id": "text_gdiplus",
            "versioned_id": "text_gdiplus_v2",
            "settings": {
                "chatlog": false,
                "extents": true,
                "file": "C:/Users/FS/Music/Foobar_nowplaying.txt",
                "outline": true,
                "read_from_file": true,
                "vertical": false,
                "font": {
                    "face": "等线",
                    "flags": 0,
                    "size": 48,
                    "style": "Regular"
                },
                "align": "right",
                "valign": "top",
                "bk_color": 4282006074,
                "bk_opacity": 0,
                "outline_size": 10,
                "outline_color": 4282269246,
                "extents_wrap": true,
                "extents_cx": 1500,
                "extents_cy": 50,
                "transform": 1,
                "antialiasing": true
            },
            "mixers": 0,
            "sync": 0,
            "flags": 0,
            "volume": 1.0,
            "balance": 0.5,
            "enabled": true,
            "muted": false,
            "push-to-mute": false,
            "push-to-mute-delay": 0,
            "push-to-talk": false,
            "push-to-talk-delay": 0,
            "hotkeys": {},
            "deinterlace_mode": 0,
            "deinterlace_field_order": 0,
            "monitoring_type": 0,
            "private_settings": {}
        },
        {
            "prev_ver": 503316480,
            "name": "窗口采集",
            "uuid": "5163bcd6-b494-4a16-87f8-9d8cf341b9a3",
            "id": "window_capture",
            "versioned_id": "window_capture",
            "settings": {
                "window": "实时字幕:Chrome_WidgetWin_1:chrome.exe"
            },
            "mixers": 0,
            "sync": 0,
            "flags": 0,
            "volume": 1.0,
            "balance": 0.5,
            "enabled": true,
            "muted": false,
            "push-to-mute": false,
            "push-to-mute-delay": 0,
            "push-to-talk": false,
            "push-to-talk-delay": 0,
            "hotkeys": {},
            "deinterlace_mode": 0,
            "deinterlace_field_order": 0,
            "monitoring_type": 0,
            "private_settings": {}
        },
        {
            "prev_ver": 503316480,
            "name": "笔记本屏幕",
            "uuid": "e6b5a2af-f189-47e1-ba75-c40b2503feb0",
            "id": "monitor_capture",
            "versioned_id": "monitor_capture",
            "settings": {
                "method": 1,
                "monitor_id": "\\\\?\\DISPLAY#CSO1603#5&700e96d&0&UID4356#{e6f07b5f-ee97-4a90-b076-33f57bf4eaa7}",
                "force_sdr": true
            },
            "mixers": 0,
            "sync": 0,
            "flags": 0,
            "volume": 1.0,
            "balance": 0.5,
            "enabled": true,
            "muted": false,
            "push-to-mute": false,
            "push-to-mute-delay": 0,
            "push-to-talk": false,
            "push-to-talk-delay": 0,
            "hotkeys": {},
            "deinterlace_mode": 0,
            "deinterlace_field_order": 0,
            "monitoring_type": 0,
            "private_settings": {}
        },
        {
            "prev_ver": 503316480,
            "name": "笔记本录屏",
            "uuid": "55d8dff1-1a63-426d-b333-fb8e5770f35a",
            "id": "scene",
            "versioned_id": "scene",
            "settings": {
                "custom_size": false,
                "id_counter": 1,
                "items": [
                    {
                        "name": "笔记本屏幕",
                        "source_uuid": "e6b5a2af-f189-47e1-ba75-c40b2503feb0",
                        "visible": true,
                        "locked": true,
                        "rot": 0.0,
                        "pos": {
                            "x": 138.0,
                            "y": 0.0
                        },
                        "scale": {
                            "x": 0.89999997615814209,
                            "y": 0.89999997615814209
                        },
                        "align": 5,
                        "bounds_type": 0,
                        "bounds_align": 0,
                        "bounds": {
                            "x": 0.0,
                            "y": 0.0
                        },
                        "crop_left": 0,
                        "crop_top": 0,
                        "crop_right": 0,
                        "crop_bottom": 0,
                        "id": 1,
                        "group_item_backup": false,
                        "scale_filter": "disable",
                        "blend_method": "default",
                        "blend_type": "normal",
                        "show_transition": {
                            "duration": 0
                        },
                        "hide_transition": {
                            "duration": 0
                        },
                        "private_settings": {}
                    }
                ]
            },
            "mixers": 0,
            "sync": 0,
            "flags": 0,
            "volume": 1.0,
            "balance": 0.5,
            "enabled": true,
            "muted": false,
            "push-to-mute": false,
            "push-to-mute-delay": 0,
            "push-to-talk": false,
            "push-to-talk-delay": 0,
            "hotkeys": {
                "OBSBasic.SelectScene": [],
                "libobs.show_scene_item.1": [],
                "libobs.hide_scene_item.1": []
            },
            "deinterlace_mode": 0,
            "deinterlace_field_order": 0,
            "monitoring_type": 0,
            "private_settings": {}
        },
        {
            "prev_ver": 503316480,
            "name": "音频-笔记本",
            "uuid": "f3bdb9b4-2c84-43d6-bcb2-f01cc0db50e7",
            "id": "wasapi_output_capture",
            "versioned_id": "wasapi_output_capture",
            "settings": {
                "device_id": "{0.0.0.00000000}.{380f8311-31cb-42f6-9fff-49ecc1fa139d}"
            },
            "mixers": 255,
            "sync": 0,
            "flags": 0,
            "volume": 1.0,
            "balance": 0.5,
            "enabled": true,
            "muted": true,
            "push-to-mute": false,
            "push-to-mute-delay": 0,
            "push-to-talk": false,
            "push-to-talk-delay": 0,
            "hotkeys": {
                "libobs.mute": [],
                "libobs.unmute": [],
                "libobs.push-to-mute": [],
                "libobs.push-to-talk": []
            },
            "deinterlace_mode": 0,
            "deinterlace_field_order": 0,
            "monitoring_type": 0,
            "private_settings": {}
        },
        {
            "prev_ver": 503316480,
            "name": "音频-245E1",
            "uuid": "bbe754f5-e257-4cdf-bfaf-c5bb1c35458c",
            "id": "wasapi_output_capture",
            "versioned_id": "wasapi_output_capture",
            "settings": {
                "device_id": "{0.0.0.00000000}.{c71a0d6b-1ea7-4ddf-a2d0-e9e4e9991451}"
            },
            "mixers": 255,
            "sync": 0,
            "flags": 0,
            "volume": 1.0,
            "balance": 0.5,
            "enabled": true,
            "muted": true,
            "push-to-mute": false,
            "push-to-mute-delay": 0,
            "push-to-talk": false,
            "push-to-talk-delay": 0,
            "hotkeys": {
                "libobs.mute": [],
                "libobs.unmute": [],
                "libobs.push-to-mute": [],
                "libobs.push-to-talk": []
            },
            "deinterlace_mode": 0,
            "deinterlace_field_order": 0,
            "monitoring_type": 0,
            "private_settings": {}
        },
        {
            "prev_ver": 503316480,
            "name": "音频-BTR3k",
            "uuid": "b59258e2-8a8a-4016-a414-247068f93d80",
            "id": "wasapi_output_capture",
            "versioned_id": "wasapi_output_capture",
            "settings": {
                "device_id": "{0.0.0.00000000}.{08085c68-e584-463f-ae67-94dc73eb36fb}"
            },
            "mixers": 255,
            "sync": 0,
            "flags": 0,
            "volume": 1.0,
            "balance": 0.5,
            "enabled": true,
            "muted": true,
            "push-to-mute": false,
            "push-to-mute-delay": 0,
            "push-to-talk": false,
            "push-to-talk-delay": 0,
            "hotkeys": {
                "libobs.mute": [],
                "libobs.unmute": [],
                "libobs.push-to-mute": [],
                "libobs.push-to-talk": []
            },
            "deinterlace_mode": 0,
            "deinterlace_field_order": 0,
            "monitoring_type": 0,
            "private_settings": {}
        },
        {
            "prev_ver": 503316480,
            "name": "1080p外接录屏",
            "uuid": "31fef5bc-19f2-495b-a041-efb0fb18e091",
            "id": "scene",
            "versioned_id": "scene",
            "settings": {
                "custom_size": false,
                "id_counter": 6,
                "items": [
                    {
                        "name": "音频-245E1",
                        "source_uuid": "bbe754f5-e257-4cdf-bfaf-c5bb1c35458c",
                        "visible": false,
                        "locked": false,
                        "rot": 0.0,
                        "pos": {
                            "x": 0.0,
                            "y": 0.0
                        },
                        "scale": {
                            "x": 1.0,
                            "y": 1.0
                        },
                        "align": 5,
                        "bounds_type": 0,
                        "bounds_align": 0,
                        "bounds": {
                            "x": 0.0,
                            "y": 0.0
                        },
                        "crop_left": 0,
                        "crop_top": 0,
                        "crop_right": 0,
                        "crop_bottom": 0,
                        "id": 1,
                        "group_item_backup": false,
                        "scale_filter": "disable",
                        "blend_method": "default",
                        "blend_type": "normal",
                        "show_transition": {
                            "duration": 0
                        },
                        "hide_transition": {
                            "duration": 0
                        },
                        "private_settings": {}
                    },
                    {
                        "name": "音频-BTR3k",
                        "source_uuid": "b59258e2-8a8a-4016-a414-247068f93d80",
                        "visible": false,
                        "locked": false,
                        "rot": 0.0,
                        "pos": {
                            "x": 0.0,
                            "y": 0.0
                        },
                        "scale": {
                            "x": 1.0,
                            "y": 1.0
                        },
                        "align": 5,
                        "bounds_type": 0,
                        "bounds_align": 0,
                        "bounds": {
                            "x": 0.0,
                            "y": 0.0
                        },
                        "crop_left": 0,
                        "crop_top": 0,
                        "crop_right": 0,
                        "crop_bottom": 0,
                        "id": 2,
                        "group_item_backup": false,
                        "scale_filter": "disable",
                        "blend_method": "default",
                        "blend_type": "normal",
                        "show_transition": {
                            "duration": 0
                        },
                        "hide_transition": {
                            "duration": 0
                        },
                        "private_settings": {}
                    },
                    {
                        "name": "音频-笔记本",
                        "source_uuid": "f3bdb9b4-2c84-43d6-bcb2-f01cc0db50e7",
                        "visible": false,
                        "locked": false,
                        "rot": 0.0,
                        "pos": {
                            "x": 0.0,
                            "y": 0.0
                        },
                        "scale": {
                            "x": 1.0,
                            "y": 1.0
                        },
                        "align": 5,
                        "bounds_type": 0,
                        "bounds_align": 0,
                        "bounds": {
                            "x": 0.0,
                            "y": 0.0
                        },
                        "crop_left": 0,
                        "crop_top": 0,
                        "crop_right": 0,
                        "crop_bottom": 0,
                        "id": 3,
                        "group_item_backup": false,
                        "scale_filter": "disable",
                        "blend_method": "default",
                        "blend_type": "normal",
                        "show_transition": {
                            "duration": 0
                        },
                        "hide_transition": {
                            "duration": 0
                        },
                        "private_settings": {}
                    },
                    {
                        "name": "显示器",
                        "source_uuid": "e990fd2b-6c54-46d4-8b71-ff16e4d813d9",
                        "visible": true,
                        "locked": true,
                        "rot": 0.0,
                        "pos": {
                            "x": 0.0,
                            "y": 0.0
                        },
                        "scale": {
                            "x": 1.3333333730697632,
                            "y": 1.3333333730697632
                        },
                        "align": 5,
                        "bounds_type": 0,
                        "bounds_align": 0,
                        "bounds": {
                            "x": 0.0,
                            "y": 0.0
                        },
                        "crop_left": 0,
                        "crop_top": 0,
                        "crop_right": 0,
                        "crop_bottom": 0,
                        "id": 4,
                        "group_item_backup": false,
                        "scale_filter": "disable",
                        "blend_method": "default",
                        "blend_type": "normal",
                        "show_transition": {
                            "duration": 0
                        },
                        "hide_transition": {
                            "duration": 0
                        },
                        "private_settings": {}
                    },
                    {
                        "name": "spectrum",
                        "source_uuid": "87681329-bfd3-43e2-96de-c6f9b20f5701",
                        "visible": false,
                        "locked": true,
                        "rot": 0.0,
                        "pos": {
                            "x": 1599.0,
                            "y": 1157.0
                        },
                        "scale": {
                            "x": 1.0,
                            "y": 1.0
                        },
                        "align": 5,
                        "bounds_type": 0,
                        "bounds_align": 0,
                        "bounds": {
                            "x": 0.0,
                            "y": 0.0
                        },
                        "crop_left": 0,
                        "crop_top": 0,
                        "crop_right": 0,
                        "crop_bottom": 0,
                        "id": 5,
                        "group_item_backup": false,
                        "scale_filter": "disable",
                        "blend_method": "default",
                        "blend_type": "normal",
                        "show_transition": {
                            "duration": 0
                        },
                        "hide_transition": {
                            "duration": 0
                        },
                        "private_settings": {}
                    },
                    {
                        "name": "歌名滚动",
                        "source_uuid": "95760343-d54c-4f29-841e-625258468962",
                        "visible": false,
                        "locked": true,
                        "rot": 0.0,
                        "pos": {
                            "x": 0.0,
                            "y": 1355.0
                        },
                        "scale": {
                            "x": 1.6126667261123657,
                            "y": 1.6200000047683716
                        },
                        "align": 5,
                        "bounds_type": 0,
                        "bounds_align": 0,
                        "bounds": {
                            "x": 0.0,
                            "y": 0.0
                        },
                        "crop_left": 0,
                        "crop_top": 0,
                        "crop_right": 0,
                        "crop_bottom": 0,
                        "id": 6,
                        "group_item_backup": false,
                        "scale_filter": "disable",
                        "blend_method": "default",
                        "blend_type": "normal",
                        "show_transition": {
                            "duration": 0
                        },
                        "hide_transition": {
                            "duration": 0
                        },
                        "private_settings": {}
                    }
                ]
            },
            "mixers": 0,
            "sync": 0,
            "flags": 0,
            "volume": 1.0,
            "balance": 0.5,
            "enabled": true,
            "muted": false,
            "push-to-mute": false,
            "push-to-mute-delay": 0,
            "push-to-talk": false,
            "push-to-talk-delay": 0,
            "hotkeys": {
                "OBSBasic.SelectScene": [],
                "libobs.show_scene_item.1": [],
                "libobs.hide_scene_item.1": [],
                "libobs.show_scene_item.2": [],
                "libobs.hide_scene_item.2": [],
                "libobs.show_scene_item.3": [],
                "libobs.hide_scene_item.3": [],
                "libobs.show_scene_item.4": [],
                "libobs.hide_scene_item.4": [],
                "libobs.show_scene_item.5": [],
                "libobs.hide_scene_item.5": [],
                "libobs.show_scene_item.6": [],
                "libobs.hide_scene_item.6": []
            },
            "deinterlace_mode": 0,
            "deinterlace_field_order": 0,
            "monitoring_type": 0,
            "private_settings": {}
        },
        {
            "prev_ver": 503316480,
            "name": "2k外接录屏",
            "uuid": "ba9d06ea-0a32-403d-8268-cd923171987f",
            "id": "scene",
            "versioned_id": "scene",
            "settings": {
                "custom_size": false,
                "id_counter": 13,
                "items": [
                    {
                        "name": "音频-245E1",
                        "source_uuid": "bbe754f5-e257-4cdf-bfaf-c5bb1c35458c",
                        "visible": false,
                        "locked": false,
                        "rot": 0.0,
                        "pos": {
                            "x": 0.0,
                            "y": 0.0
                        },
                        "scale": {
                            "x": 1.0,
                            "y": 1.0
                        },
                        "align": 5,
                        "bounds_type": 0,
                        "bounds_align": 0,
                        "bounds": {
                            "x": 0.0,
                            "y": 0.0
                        },
                        "crop_left": 0,
                        "crop_top": 0,
                        "crop_right": 0,
                        "crop_bottom": 0,
                        "id": 5,
                        "group_item_backup": false,
                        "scale_filter": "disable",
                        "blend_method": "default",
                        "blend_type": "normal",
                        "show_transition": {
                            "duration": 0
                        },
                        "hide_transition": {
                            "duration": 0
                        },
                        "private_settings": {}
                    },
                    {
                        "name": "音频-BTR3k",
                        "source_uuid": "b59258e2-8a8a-4016-a414-247068f93d80",
                        "visible": false,
                        "locked": false,
                        "rot": 0.0,
                        "pos": {
                            "x": 0.0,
                            "y": 0.0
                        },
                        "scale": {
                            "x": 1.0,
                            "y": 1.0
                        },
                        "align": 5,
                        "bounds_type": 0,
                        "bounds_align": 0,
                        "bounds": {
                            "x": 0.0,
                            "y": 0.0
                        },
                        "crop_left": 0,
                        "crop_top": 0,
                        "crop_right": 0,
                        "crop_bottom": 0,
                        "id": 6,
                        "group_item_backup": false,
                        "scale_filter": "disable",
                        "blend_method": "default",
                        "blend_type": "normal",
                        "show_transition": {
                            "duration": 0
                        },
                        "hide_transition": {
                            "duration": 0
                        },
                        "private_settings": {}
                    },
                    {
                        "name": "音频-笔记本",
                        "source_uuid": "f3bdb9b4-2c84-43d6-bcb2-f01cc0db50e7",
                        "visible": false,
                        "locked": false,
                        "rot": 0.0,
                        "pos": {
                            "x": 0.0,
                            "y": 0.0
                        },
                        "scale": {
                            "x": 1.0,
                            "y": 1.0
                        },
                        "align": 5,
                        "bounds_type": 0,
                        "bounds_align": 0,
                        "bounds": {
                            "x": 0.0,
                            "y": 0.0
                        },
                        "crop_left": 0,
                        "crop_top": 0,
                        "crop_right": 0,
                        "crop_bottom": 0,
                        "id": 7,
                        "group_item_backup": false,
                        "scale_filter": "disable",
                        "blend_method": "default",
                        "blend_type": "normal",
                        "show_transition": {
                            "duration": 0
                        },
                        "hide_transition": {
                            "duration": 0
                        },
                        "private_settings": {}
                    },
                    {
                        "name": "显示器",
                        "source_uuid": "e990fd2b-6c54-46d4-8b71-ff16e4d813d9",
                        "visible": true,
                        "locked": true,
                        "rot": 0.0,
                        "pos": {
                            "x": 0.0,
                            "y": 0.0
                        },
                        "scale": {
                            "x": 1.0,
                            "y": 1.0
                        },
                        "align": 5,
                        "bounds_type": 0,
                        "bounds_align": 0,
                        "bounds": {
                            "x": 0.0,
                            "y": 0.0
                        },
                        "crop_left": 0,
                        "crop_top": 0,
                        "crop_right": 0,
                        "crop_bottom": 0,
                        "id": 13,
                        "group_item_backup": false,
                        "scale_filter": "disable",
                        "blend_method": "default",
                        "blend_type": "normal",
                        "show_transition": {
                            "duration": 0
                        },
                        "hide_transition": {
                            "duration": 0
                        },
                        "private_settings": {}
                    },
                    {
                        "name": "spectrum",
                        "source_uuid": "87681329-bfd3-43e2-96de-c6f9b20f5701",
                        "visible": false,
                        "locked": true,
                        "rot": 0.0,
                        "pos": {
                            "x": 1599.0,
                            "y": 1157.0
                        },
                        "scale": {
                            "x": 1.0,
                            "y": 1.0
                        },
                        "align": 5,
                        "bounds_type": 0,
                        "bounds_align": 0,
                        "bounds": {
                            "x": 0.0,
                            "y": 0.0
                        },
                        "crop_left": 0,
                        "crop_top": 0,
                        "crop_right": 0,
                        "crop_bottom": 0,
                        "id": 10,
                        "group_item_backup": false,
                        "scale_filter": "disable",
                        "blend_method": "default",
                        "blend_type": "normal",
                        "show_transition": {
                            "duration": 0
                        },
                        "hide_transition": {
                            "duration": 0
                        },
                        "private_settings": {}
                    },
                    {
                        "name": "歌名滚动",
                        "source_uuid": "95760343-d54c-4f29-841e-625258468962",
                        "visible": false,
                        "locked": true,
                        "rot": 0.0,
                        "pos": {
                            "x": 0.0,
                            "y": 1355.0
                        },
                        "scale": {
                            "x": 1.6126667261123657,
                            "y": 1.6200000047683716
                        },
                        "align": 5,
                        "bounds_type": 0,
                        "bounds_align": 0,
                        "bounds": {
                            "x": 0.0,
                            "y": 0.0
                        },
                        "crop_left": 0,
                        "crop_top": 0,
                        "crop_right": 0,
                        "crop_bottom": 0,
                        "id": 8,
                        "group_item_backup": false,
                        "scale_filter": "disable",
                        "blend_method": "default",
                        "blend_type": "normal",
                        "show_transition": {
                            "duration": 0
                        },
                        "hide_transition": {
                            "duration": 0
                        },
                        "private_settings": {}
                    }
                ]
            },
            "mixers": 0,
            "sync": 0,
            "flags": 0,
            "volume": 1.0,
            "balance": 0.5,
            "enabled": true,
            "muted": false,
            "push-to-mute": false,
            "push-to-mute-delay": 0,
            "push-to-talk": false,
            "push-to-talk-delay": 0,
            "hotkeys": {
                "OBSBasic.SelectScene": [],
                "libobs.show_scene_item.5": [],
                "libobs.hide_scene_item.5": [],
                "libobs.show_scene_item.6": [],
                "libobs.hide_scene_item.6": [],
                "libobs.show_scene_item.7": [],
                "libobs.hide_scene_item.7": [],
                "libobs.show_scene_item.13": [],
                "libobs.hide_scene_item.13": [],
                "libobs.show_scene_item.10": [],
                "libobs.hide_scene_item.10": [],
                "libobs.show_scene_item.8": [],
                "libobs.hide_scene_item.8": []
            },
            "deinterlace_mode": 0,
            "deinterlace_field_order": 0,
            "monitoring_type": 0,
            "private_settings": {}
        },
        {
            "prev_ver": 503316480,
            "name": "chrome",
            "uuid": "389e1b7e-9ba2-4e49-aed2-4d452a1bccaf",
            "id": "window_capture",
            "versioned_id": "window_capture",
            "settings": {
                "window": "高经第二年 - Google Drive - Google Chrome:Chrome_WidgetWin_1:chrome.exe"
            },
            "mixers": 0,
            "sync": 0,
            "flags": 0,
            "volume": 1.0,
            "balance": 0.5,
            "enabled": true,
            "muted": false,
            "push-to-mute": false,
            "push-to-mute-delay": 0,
            "push-to-talk": false,
            "push-to-talk-delay": 0,
            "hotkeys": {},
            "deinterlace_mode": 0,
            "deinterlace_field_order": 0,
            "monitoring_type": 0,
            "private_settings": {}
        },
        {
            "prev_ver": 503316480,
            "name": "spectrum",
            "uuid": "87681329-bfd3-43e2-96de-c6f9b20f5701",
            "id": "window_capture",
            "versioned_id": "window_capture",
            "settings": {
                "priority": 1,
                "window": "Spectrum:{483DF8E3-09E3-40d2-BEB8-67284CE3559F}:foobar2000.exe",
                "cursor": true
            },
            "mixers": 0,
            "sync": 0,
            "flags": 0,
            "volume": 1.0,
            "balance": 0.5,
            "enabled": true,
            "muted": false,
            "push-to-mute": false,
            "push-to-mute-delay": 0,
            "push-to-talk": false,
            "push-to-talk-delay": 0,
            "hotkeys": {},
            "deinterlace_mode": 0,
            "deinterlace_field_order": 0,
            "monitoring_type": 0,
            "private_settings": {},
            "filters": [
                {
                    "prev_ver": 503316480,
                    "name": "色度键",
                    "uuid": "e78a874c-8811-4274-ad13-d94a410c3c28",
                    "id": "chroma_key_filter",
                    "versioned_id": "chroma_key_filter_v2",
                    "settings": {
                        "key_color": 4280295456,
                        "key_color_type": "green",
                        "similarity": 564
                    },
                    "mixers": 0,
                    "sync": 0,
                    "flags": 0,
                    "volume": 1.0,
                    "balance": 0.5,
                    "enabled": true,
                    "muted": false,
                    "push-to-mute": false,
                    "push-to-mute-delay": 0,
                    "push-to-talk": false,
                    "push-to-talk-delay": 0,
                    "hotkeys": {},
                    "deinterlace_mode": 0,
                    "deinterlace_field_order": 0,
                    "monitoring_type": 0,
                    "private_settings": {}
                }
            ]
        }
    ]
}