﻿[
   {
      "name": "update",
      "time": 1652717468548
   },
   {
      "name": "Bio true Mr. Oizo - 1+1 (1080p)",
      "time": 1651991844162
   },
   {
      "name": "Bio true KMFDM - 7soul-128-aac",
      "time": 1652717490497
   },
   {
      "name": "Bio true KMFDM - beatblender-128-mp3",
      "time": 1652717497449
   },
   {
      "name": "Bio true KMFDM - lush-128-aac",
      "time": 1652717507586
   },
   {
      "name": "Bio true KMFDM - Lush: Mostly female vocals with an electronic influence. [SomaFM]",
      "time": 1652717509475
   },
   {
      "name": "Bio true KMFDM - Indie Pop Rocks! [SomaFM]",
      "time": 1652717564686
   },
   {
      "name": "Bio true KMFDM - PopTron: Electro-Pop and Indie Dance Rock [SomaFM]",
      "time": 1652717567909
   },
   {
      "name": "Bio true KMFDM - <-- cliqhop --> blips'n'bleeps backed w/ beats. [SomaFM]",
      "time": 1652717571990
   },
   {
      "name": "Bio true KMFDM - Deep Space One: Deep ambient electronic and space music. [SomaFM]",
      "time": 1652717575817
   },
   {
      "name": "Bio true KMFDM - Seven Inch Soul: Vintage soul tracks from the original 45 RPM vinyl. [SomaFM]",
      "time": 1652717578592
   },
   {
      "name": "Bio true KMFDM - Beat Blender: A late night blend of deep-house & downtempo chill. [SomaFM]",
      "time": 1652717581547
   },
   {
      "name": "Bio true KMFDM - Boot Liquor: Americana roots music for Cowhands, Cowpokes and Cowtippers. [SomaFM]",
      "time": 1652717583940
   },
   {
      "name": "Bio true KMFDM - SomaFM's Black Rock FM: From the Playa to the world, where every Saturday night is Burn Night [SomaFM]",
      "time": 1652717587930
   },
   {
      "name": "Bio true KMFDM - Covers: Just covers. Songs you know by artists you don't. [SomaFM]",
      "time": 1652717591962
   },
   {
      "name": "Bio true KMFDM - DEF CON Radio: SomaFM's year-round channel for DEF CON [SomaFM]",
      "time": 1652717595468
   },
   {
      "name": "Bio true KMFDM - Digitalis: Digitally affected analog rock to calm the agitated heart. [SomaFM]",
      "time": 1652717601342
   },
   {
      "name": "Bio true KMFDM - Drone Zone [SomaFM]",
      "time": 1652717610884
   },
   {
      "name": "Bio true KMFDM - Dub Step Beyond: Dubstep, Dub and Deep Bass. May damage speakers at high volume. [SomaFM]",
      "time": 1652717615046
   },
   {
      "name": "Bio true KMFDM - earwaves-128-aac",
      "time": 1652717620361
   },
   {
      "name": "Bio true KMFDM - Fluid: Drown in the electronic sound of instrumental hiphop, future soul and chilled trap. [SomaFM]",
      "time": 1652717624174
   },
   {
      "name": "Bio true KMFDM - Folk Forward: Indie Folk, Alt-folk and the occasional folk classics. [SomaFM]",
      "time": 1652717627781
   },
   {
      "name": "Bio true KMFDM - Groove Salad [SomaFM]",
      "time": 1652717640816
   },
   {
      "name": "Bio true KMFDM - Illinois Street Lounge [SomaFM]",
      "time": 1652717649888
   },
   {
      "name": "Bio true KMFDM - Metal Detector: From black to doom, prog to sludge, thrash to post, stoner to crossover, punk to industrial. [SomaFM]",
      "time": 1652717664598
   },
   {
      "name": "Bio true KMFDM - Mission Control: Celebrating NASA and space explorers everywhere. [SomaFM]",
      "time": 1652717671896
   },
   {
      "name": "Bio true KMFDM - Secret Agent from SomaFM [SomaFM]",
      "time": 1652717675034
   },
   {
      "name": "Bio true KMFDM - Left Coast 70s: Mellow album rock from the Seventies. Yacht friendly. [SomaFM]",
      "time": 1652717691213
   },
   {
      "name": "Bio true KMFDM - SF 10-33: Ambient music mixed with the sounds of San Francisco public safety radio traffic. [SomaFM]",
      "time": 1652717707043
   },
   {
      "name": "Bio true KMFDM - Sonic Universe: Nu Jazz plus avant-garde Euro Jazz: Transcending the boundaries of jazz with experimental takes on tradition. [SomaFM]",
      "time": 1652717711289
   },
   {
      "name": "Bio true KMFDM - Space Station Soma from SomaFM.com [SomaFM]",
      "time": 1652717714845
   },
   {
      "name": "Bio true KMFDM - Suburbs of Goa [SomaFM]",
      "time": 1652717724318
   },
   {
      "name": "Bio true KMFDM - sxfm-128-mp3",
      "time": 1652717749574
   },
   {
      "name": "Bio true KMFDM - The Trip: [SomaFM]",
      "time": 1652717752811
   },
   {
      "name": "Bio true KMFDM - Thistle Radio: An exploration of music from Celtic roots [SomaFM]",
      "time": 1652717755767
   },
   {
      "name": "Bio true KMFDM - Underground Eighties: UK Synthpop and a bit of New Wave. [SomaFM]",
      "time": 1652717776584
   },
   {
      "name": "Bio true KMFDM - -----------------------Pops-----------------------",
      "time": 1652719314209
   },
   {
      "name": "Bio true Baroness - Digitalis: Digitally affected analog rock to calm the agitated heart. [SomaFM]",
      "time": 1652720340834
   }
]