﻿[
   {
      "name": "update",
      "time": 1648976210648
   },
   {
      "name": "Bio 1 Skye & Ross - All My Days",
      "time": 1646557635974
   },
   {
      "name": "Bio true Desireless - Voyage, Voyage [Extended Version]",
      "time": 1646560164039
   },
   {
      "name": "Bio true Celeste Lear - Continental Drift",
      "time": 1646576918308
   },
   {
      "name": "Bio true Holmes Ives presents - So Long",
      "time": 1646576983406
   },
   {
      "name": "Bio true SomaFM ID - U80s Jingle 12",
      "time": 1646577160704
   },
   {
      "name": "Bio true Information Society - Lush: Mostly female vocals with an electronic influence. [SomaFM]",
      "time": 1646577288026
   },
   {
      "name": "Bio true Lovely Laura - Stop And Stare",
      "time": 1646577623830
   },
   {
      "name": "Bio true Millenia Nova - Disconnected Minds (Original Mix)",
      "time": 1646579228317
   },
   {
      "name": "Bio true The Seshen - 1000 Lights",
      "time": 1646579755287
   },
   {
      "name": "Bio true Wolf - Immortale",
      "time": 1646580340050
   },
   {
      "name": "Bio true Sourya - Numero 1",
      "time": 1646580628494
   },
   {
      "name": "Bio true SomaFM - You're listening to Lush 2",
      "time": 1646580753478
   },
   {
      "name": "Bio true Charles Webster - The Gift Of Freedom (Featuring Xan)",
      "time": 1646580754858
   },
   {
      "name": "Bio true Rodina - Over The Sun",
      "time": 1646581074050
   },
   {
      "name": "Bio true Anoushka Shankar And Karsh Kale - Easy",
      "time": 1646581326450
   },
   {
      "name": "Bio true Freshmoods - U Gone",
      "time": 1646582267449
   },
   {
      "name": "Bio true GDRN & Ra:tio - Ein",
      "time": 1646582943778
   },
   {
      "name": "Bio true Mimi Page - Porcelain",
      "time": 1646583211158
   },
   {
      "name": "Bio true C:\\Users\\Franny\\AppData\\Roaming\\foobar2000\\yttm\\review\\allmusic\\n\\Night Ranger - Grand Theft Auto- Vice City (Official Soundtrack Box Set).txt",
      "time": 1646789458293
   },
   {
      "name": "Rev true C:\\Users\\Franny\\AppData\\Roaming\\foobar2000\\yttm\\review\\allmusic\\n\\Night Ranger - Grand Theft Auto- Vice City (Official Soundtrack Box Set).txt",
      "time": 1646789458301
   },
   {
      "name": "Bio true Night Ranger - Lush: Mostly female vocals with an electronic influence. [SomaFM]",
      "time": 1646789474834
   },
   {
      "name": "Bio true Night Ranger - Beat Blender: A late night blend of deep-house & downtempo chill. [SomaFM]",
      "time": 1646789492359
   },
   {
      "name": "Bio true Night Ranger - Boot Liquor: Americana roots music for Cowhands, Cowpokes and Cowtippers. [SomaFM]",
      "time": 1646790108467
   },
   {
      "name": "Bio true Ministry - Lush: Mostly female vocals with an electronic influence. [SomaFM]",
      "time": 1648141788545
   },
   {
      "name": "Bio true SomaFM - This is Lush",
      "time": 1648141830461
   },
   {
      "name": "Bio true Ember Island - Stay",
      "time": 1648142061397
   },
   {
      "name": "Bio true Sunna - Art of history",
      "time": 1648142258789
   },
   {
      "name": "Bio true Brother Sun Sister Moon - Motorcade",
      "time": 1648142776313
   },
   {
      "name": "Bio true Mr Peel - Headspace",
      "time": 1648143319161
   },
   {
      "name": "Bio true Somafm - Lush Station Id 6",
      "time": 1648143813422
   },
   {
      "name": "Bio true Bloom - Born",
      "time": 1648143817830
   },
   {
      "name": "Bio true Libelula - Water",
      "time": 1648144650439
   },
   {
      "name": "Bio true Anthony Valadez - Switch It Up",
      "time": 1648145321730
   },
   {
      "name": "Bio true Soul G And Tony Match - Raindrop",
      "time": 1648145529897
   },
   {
      "name": "Bio true Aleph - Twilight Speeds",
      "time": 1648147485343
   },
   {
      "name": "Bio true Carmen Rizzo - Ecouter (Feat. Jem) (Jason Bentley Remix)",
      "time": 1648147591175
   },
   {
      "name": "Bio true All India Radio - Persist (2014 Remix)",
      "time": 1648375719576
   },
   {
      "name": "Bio true Hector Zazou, Katie Jane Garside, Bill Rieflin, Lone Kent, Nils - Porte de Saint-Cloud",
      "time": 1648376642484
   },
   {
      "name": "Bio true KMFDM - Amnesia (Käpt'n K. Mix Edit)",
      "time": 1648376789659
   },
   {
      "name": "Bio true C:\\Users\\Franny\\AppData\\Roaming\\foobar2000\\yttm\\review\\allmusic\\a\\Amduscia - Death, Thou Shalt Die.txt",
      "time": 1648376858640
   },
   {
      "name": "Rev true C:\\Users\\Franny\\AppData\\Roaming\\foobar2000\\yttm\\review\\allmusic\\a\\Amduscia - Death, Thou Shalt Die.txt",
      "time": 1648376858647
   },
   {
      "name": "Bio true Amduscia - I'll Hate You",
      "time": 1648376859013
   },
   {
      "name": "Bio true C:\\Users\\Franny\\AppData\\Roaming\\foobar2000\\yttm\\review\\allmusic\\b\\Buckethead - Collect Itself.txt",
      "time": 1648377164329
   },
   {
      "name": "Rev true C:\\Users\\Franny\\AppData\\Roaming\\foobar2000\\yttm\\review\\allmusic\\b\\Buckethead - Collect Itself.txt",
      "time": 1648377164337
   },
   {
      "name": "Bio true Buckethead - Garden Mold",
      "time": 1648377164751
   },
   {
      "name": "Bio true Massive Attack;Tricky - Karmacoma",
      "time": 1648377168368
   },
   {
      "name": "Bio true C:\\Users\\Franny\\AppData\\Roaming\\foobar2000\\yttm\\review\\allmusic\\h\\His Statue Falls - Collisions.txt",
      "time": 1648377482697
   },
   {
      "name": "Bio true C:\\Users\\Franny\\AppData\\Roaming\\foobar2000\\yttm\\review\\allmusic\\a\\Aesthetic Perfection - Close to Human.txt",
      "time": 1648377493983
   },
   {
      "name": "Bio true C:\\Users\\Franny\\AppData\\Roaming\\foobar2000\\yttm\\review\\allmusic\\a\\Agonoize - 999.txt",
      "time": 1648377732752
   },
   {
      "name": "Rev true C:\\Users\\Franny\\AppData\\Roaming\\foobar2000\\yttm\\review\\allmusic\\a\\Agonoize - 999.txt",
      "time": 1648377732759
   },
   {
      "name": "Bio true Agonoize - God for Sale",
      "time": 1648377733324
   },
   {
      "name": "Bio true C:\\Users\\Franny\\AppData\\Roaming\\foobar2000\\yttm\\review\\allmusic\\h\\Her Bright Skies - A Sacrament; Ill City.txt",
      "time": 1648377736002
   },
   {
      "name": "Rev true C:\\Users\\Franny\\AppData\\Roaming\\foobar2000\\yttm\\review\\allmusic\\h\\Her Bright Skies - A Sacrament; Ill City.txt",
      "time": 1648377736008
   },
   {
      "name": "Bio true Her Bright Skies - The Glorious",
      "time": 1648377736398
   },
   {
      "name": "Bio true C:\\Users\\Franny\\AppData\\Roaming\\foobar2000\\yttm\\review\\allmusic\\n\\Necrotek - Menschenfeind.txt",
      "time": 1648378124597
   },
   {
      "name": "Bio true Massive Attack;Elizabeth Fraser - Teardrop",
      "time": 1648378127037
   },
   {
      "name": "Bio true C:\\Users\\Franny\\AppData\\Roaming\\foobar2000\\yttm\\review\\allmusic\\d\\DJ OKAWARI - MIRROR.txt",
      "time": 1648378130909
   },
   {
      "name": "Rev true C:\\Users\\Franny\\AppData\\Roaming\\foobar2000\\yttm\\review\\allmusic\\d\\DJ OKAWARI - MIRROR.txt",
      "time": 1648378130917
   },
   {
      "name": "Bio true DJ OKAWARI - Luv Letter",
      "time": 1648378131287
   },
   {
      "name": "Bio true C:\\Users\\Franny\\AppData\\Roaming\\foobar2000\\yttm\\review\\allmusic\\s\\Soundtrack - Natural Born Killers (A Soundtrack For An Oliver Stone Film).txt",
      "time": 1648378180685
   },
   {
      "name": "Rev true C:\\Users\\Franny\\AppData\\Roaming\\foobar2000\\yttm\\review\\allmusic\\s\\Soundtrack - Natural Born Killers (A Soundtrack For An Oliver Stone Film).txt",
      "time": 1648378180692
   },
   {
      "name": "Bio true Stratus - You Must Follow (Evol Intent VIP)",
      "time": 1648378283932
   },
   {
      "name": "Bio true Paul Linford;Chris Vrenna - The Mann",
      "time": 1648378512583
   },
   {
      "name": "Bio true The Roots;BT - Tao of the Machine (Scott Humphrey's Remix)",
      "time": 1648378721023
   },
   {
      "name": "Bio true Celldweller;Styles of Beyond - Shapeshifter",
      "time": 1648411520717
   },
   {
      "name": "Bio true C:\\Users\\Franny\\AppData\\Roaming\\foobar2000\\yttm\\review\\allmusic\\s\\Soundtrack - Need for Speed- Most Wanted.txt",
      "time": 1648411527917
   },
   {
      "name": "Rev true C:\\Users\\Franny\\AppData\\Roaming\\foobar2000\\yttm\\review\\allmusic\\s\\Soundtrack - Need for Speed- Most Wanted.txt",
      "time": 1648411527925
   },
   {
      "name": "Bio true Styles of Beyond - Nine Thou (Superstars Remix)",
      "time": 1648411912161
   },
   {
      "name": "Bio true C:\\Users\\Franny\\AppData\\Roaming\\foobar2000\\yttm\\review\\allmusic\\b\\Bullet for My Valentine - Rare Cuts.txt",
      "time": 1648420021435
   },
   {
      "name": "Rev true C:\\Users\\Franny\\AppData\\Roaming\\foobar2000\\yttm\\review\\allmusic\\b\\Bullet for My Valentine - Rare Cuts.txt",
      "time": 1648420021443
   },
   {
      "name": "Bio true Lisa Papineau - The End Of Desire",
      "time": 1648591238932
   },
   {
      "name": "Bio true Celeste Lear - One Bright Night (The Digital Connection Remix)",
      "time": 1648976212681
   },
   {
      "name": "Bio true Madita - Love Is",
      "time": 1648976320339
   },
   {
      "name": "Bio true Madita - Somafm Announcer 4",
      "time": 1648976543318
   }
]